id,first_name,last_name,email,gender,country
1,Benjie,O Mullen,bomullen0@salon.com,Genderfluid,Brazil
2,Arabella,McGowran,amcgowran1@deliciousdays.com,Male,Poland
3,Monroe,Taplow,mtaplow2@dedecms.com,Genderqueer,China
4,Lucy,Sarah,lsarah3@webeden.co.uk,Agender,Philippines
5,Olimpia,Anderson,oanderson4@deviantart.com,Female,Ukraine
6,Deb,Robley,drobley5@telegraph.co.uk,Genderqueer,Paraguay
7,Brett,Bankhurst,bbankhurst6@columbia.edu,Non-binary,Japan
8,Lexis,Wenderoth,lwenderoth7@hhs.gov,Agender,China
9,Carline,Maykin,cmaykin8@printfriendly.com,Female,Indonesia
10,Rubi,Struijs,rstruijs9@cnn.com,Male,Indonesia
11,Fidole,Daice,fdaicea@is.gd,Non-binary,China
12,Salmon,Mendel,smendelb@hhs.gov,Non-binary,Russia
13,Mariana,Sedgeworth,msedgeworthc@eepurl.com,Genderqueer,China
14,Kali,McNickle,kmcnickled@youtube.com,Genderqueer,Sweden
15,Bronson,Bennitt,bbennitte@xinhuanet.com,Bigender,Ukraine
16,Doralin,Ramshaw,dramshawf@economist.com,Female,Kosovo
17,Ephrem,Oxley,eoxleyg@scribd.com,Non-binary,Tunisia
18,Grenville,Ollivierre,gollivierreh@shareasale.com,Genderfluid,Russia
19,Danica,Pettiford,dpettifordi@cpanel.net,Female,Dominican Republic
20,Julee,Irvine,jirvinej@shutterfly.com,Non-binary,South Korea
21,Jozef,Govett,jgovettk@go.com,Female,Argentina
22,Candra,Adnet,cadnetl@flavors.me,Agender,Indonesia
23,Faunie,Vasquez,fvasquezm@last.fm,Female,United States
24,Sumner,Perllman,sperllmann@gizmodo.com,Genderqueer,Indonesia
25,Kristopher,Marrion,kmarriono@themeforest.net,Female,Greece
26,Cherry,Maloney,cmaloneyp@blinklist.com,Non-binary,Afghanistan
27,Cathrine,Neno,cnenoq@google.co.uk,Male,Jordan
28,Arnaldo,Bevens,abevensr@vimeo.com,Male,Sweden
29,Kassandra,Riseley,kriseleys@dmoz.org,Female,China
30,Analise,Schiell,aschiellt@e-recht24.de,Polygender,Poland
31,Cyndie,Levins,clevinsu@biglobe.ne.jp,Male,Dominican Republic
32,Kim,Boost,kboostv@cnn.com,Polygender,China
33,Suzanna,Conkling,sconklingw@google.com.au,Female,Egypt
34,Stinky,Normanell,snormanellx@bluehost.com,Genderfluid,China
35,Shelley,Rippen,srippeny@hhs.gov,Agender,Thailand
36,Niles,Goodsir,ngoodsirz@businesswire.com,Genderfluid,Brazil
37,Madonna,Dyers,mdyers10@lulu.com,Male,France
38,Yves,Grover,ygrover11@imdb.com,Agender,South Korea
39,Errol,Locker,elocker12@last.fm,Genderqueer,Indonesia
40,Kerk,Souness,ksouness13@dailymail.co.uk,Male,Armenia
41,Benedetta,Cristofano,bcristofano14@fc2.com,Genderfluid,France
42,Martita,Aindriu,maindriu15@telegraph.co.uk,Agender,Indonesia
43,Anallise,Hayhurst,ahayhurst16@yale.edu,Male,Albania
44,Richie,Eggar,reggar17@goo.ne.jp,Genderfluid,Iran
45,Mordy,Francie,mfrancie18@newyorker.com,Genderfluid,China
46,Malcolm,Vest,mvest19@howstuffworks.com,Polygender,Nigeria
47,Kaiser,Morena,kmorena1a@twitter.com,Polygender,Portugal
48,Ilene,Carp,icarp1b@webs.com,Polygender,France
49,Darcee,Kelcher,dkelcher1c@goo.gl,Genderfluid,Indonesia
50,Austen,Sirr,asirr1d@house.gov,Female,Czech Republic
51,Alexi,O'Grada,aograda1e@yandex.ru,Male,Portugal
52,Merle,Legrand,mlegrand1f@patch.com,Non-binary,China
53,Glendon,Crannis,gcrannis1g@odnoklassniki.ru,Polygender,Thailand
54,Cynthie,Boniface,cboniface1h@ask.com,Polygender,Libya
55,Flori,Chalfain,fchalfain1i@addthis.com,Genderqueer,France
56,Hewie,Prichard,hprichard1j@disqus.com,Genderfluid,Zambia
57,Joelle,Flawn,jflawn1k@privacy.gov.au,Polygender,Pakistan
58,Emlynn,Leadston,eleadston1l@webs.com,Polygender,Peru
59,Klaus,Waycott,kwaycott1m@unblog.fr,Genderfluid,Brazil
60,Gusti,Gaggen,ggaggen1n@skype.com,Non-binary,Mexico
61,Sauncho,Morrill,smorrill1o@delicious.com,Genderfluid,China
62,Kelly,Peplay,kpeplay1p@bloglovin.com,Polygender,Peru
63,Candis,Kalisch,ckalisch1q@auda.org.au,Male,France
64,Stacee,Duberry,sduberry1r@simplemachines.org,Polygender,Thailand
65,Ignace,Lorden,ilorden1s@nydailynews.com,Genderfluid,Japan
66,Dall,Damper,ddamper1t@earthlink.net,Agender,Indonesia
67,Gard,Toope,gtoope1u@oracle.com,Bigender,Slovenia
68,Maryellen,De Carteret,mdecarteret1v@walmart.com,Agender,Russia
69,Duffie,Stares,dstares1w@newyorker.com,Genderfluid,United States
70,Emmeline,Raigatt,eraigatt1x@1und1.de,Bigender,Philippines
71,Happy,Wordsley,hwordsley1y@infoseek.co.jp,Polygender,United Kingdom
72,Kate,Stothard,kstothard1z@imageshack.us,Female,Croatia
73,Sigfried,O'Leary,soleary20@nih.gov,Agender,Kazakhstan
74,Lexine,Marshland,lmarshland21@yelp.com,Polygender,China
75,Costanza,Heningham,cheningham22@tripadvisor.com,Female,Indonesia
76,Kath,Balsellie,kbalsellie23@ning.com,Genderfluid,Brazil
77,Evangelin,Jeskins,ejeskins24@vkontakte.ru,Male,United States
78,Kenneth,Caven,kcaven25@scientificamerican.com,Male,China
79,Rozanne,Vickerstaff,rvickerstaff26@jalbum.net,Non-binary,China
80,Reeva,Ferrier,rferrier27@ovh.net,Agender,Brazil
81,Morgan,Greenshiels,mgreenshiels28@xing.com,Non-binary,China
82,Krissy,Rogez,krogez29@paginegialle.it,Bigender,Thailand
83,Blondelle,Strathman,bstrathman2a@woothemes.com,Bigender,Benin
84,Cynde,Sorro,csorro2b@google.com,Polygender,Russia
85,Joelly,Banstead,jbanstead2c@cornell.edu,Agender,Philippines
86,Jillana,Rippon,jrippon2d@shutterfly.com,Agender,Russia
87,Caren,Bluschke,cbluschke2e@google.com,Genderfluid,Russia
88,Eli,Leftly,eleftly2f@etsy.com,Non-binary,Indonesia
89,Antonella,Kenrack,akenrack2g@newsvine.com,Bigender,Russia
90,Nolan,Craney,ncraney2h@ycombinator.com,Female,Indonesia
91,Lauralee,McMurty,lmcmurty2i@cornell.edu,Male,Philippines
92,Fianna,Hargrove,fhargrove2j@accuweather.com,Non-binary,Japan
93,Grant,Kemell,gkemell2k@twitter.com,Genderfluid,Indonesia
94,Erin,Joslyn,ejoslyn2l@blogs.com,Male,China
95,Cornelia,Cranston,ccranston2m@google.co.jp,Male,Syria
96,Gustave,Balthasar,gbalthasar2n@bing.com,Genderfluid,Indonesia
97,Galven,Lafay,glafay2o@google.com.br,Genderfluid,Albania
98,Harley,Savil,hsavil2p@bbc.co.uk,Genderfluid,Indonesia
99,Franklyn,Venditto,fvenditto2q@yellowbook.com,Genderqueer,China
100,Oren,Vlasenkov,ovlasenkov2r@spiegel.de,Male,Russia
